,"k-cos,f","k-jac,f","k-cos,w","k-jac,w"
Castores_CW_Form_1,21,22,12,4
Castores_CW_Form_10,19,3,12,4
Castores_CW_Form_12,17,14,12,4
Castores_CW_Form_13,2,5,12,4
Castores_CW_Form_13a,6,8,12,4
Castores_CW_Form_13b,1,4,12,4
Castores_CW_Form_14,2,5,12,4
Castores_CW_Form_14a,17,14,12,4
Castores_CW_Form_14b,17,14,12,4
Castores_CW_Form_15,2,5,12,4
Castores_CW_Form_16,17,14,10,11
Castores_CW_Form_17,2,5,12,4
Castores_CW_Form_18,9,11,12,4
Castores_CW_Form_19,22,18,12,4
Castores_CW_Form_2,21,18,12,4
Castores_CW_Form_20,9,11,12,4
Castores_CW_Form_21,9,11,12,4
Castores_CW_Form_22,17,14,12,4
Castores_CW_Form_23,9,11,12,4
Castores_CW_Form_24a,17,14,12,4
Castores_CW_Form_25,17,14,12,4
Castores_CW_Form_26,17,14,12,4
Castores_CW_Form_27,17,14,12,4
Castores_CW_Form_28,17,14,12,4
Castores_CW_Form_3,21,18,12,4
Castores_CW_Form_4,21,22,12,4
Castores_CW_Form_5,17,14,12,4
Castores_CW_Form_6,21,18,12,4
Castores_CW_Form_8,17,14,12,4
Castores_CW_Form_9,19,3,12,4
Castores_Ephesian-Ionian_Bowl,18,1,24,12
Castores_Italo-Megarian_Bowl_Form_1,18,1,24,12
Castores_PRW_Form_1,20,17,11,10
Castores_PRW_Form_2,20,17,11,10
Castores_PRW_Form_3,20,17,11,10
Castores_PRW_Form_4,20,17,11,10
Castores_PRW_Form_5,20,17,11,10
Castores_PRW_Form_6,17,14,11,10
Castores_PRW_Form_7,17,14,11,10
Castores_PRW_Form_8,20,17,11,10
Castores_TWW_Form_10,17,14,22,22
Castores_TWW_Form_11,18,1,22,22
Castores_TWW_Form_12,19,2,22,22
Castores_TWW_Form_13,19,2,22,22
Castores_TWW_Form_14,19,2,22,22
Castores_TWW_Form_15,19,2,22,22
Castores_TWW_Form_16,17,14,22,22
Castores_TWW_Form_17,19,2,22,22
Castores_TWW_Form_18,19,3,22,22
Castores_TWW_Form_19,19,3,22,22
Castores_TWW_Form_1a,17,14,22,22
Castores_TWW_Form_1b,17,14,22,22
Castores_TWW_Form_1c,17,14,22,22
Castores_TWW_Form_2,17,14,22,22
Castores_TWW_Form_20,19,3,22,22
Castores_TWW_Form_21,17,14,22,22
Castores_TWW_Form_3,17,14,22,22
Castores_TWW_Form_4,24,22,22,22
Castores_TWW_Form_5,24,22,22,22
Castores_TWW_Form_6,17,14,22,22
Castores_TWW_Form_7,5,8,22,22
Castores_TWW_Form_8,17,14,22,22
Castores_TWW_Form_9,17,14,22,22
Dyson_1976_16IV1,22,18,16,6
Dyson_1976_16IV18,17,14,16,6
Dyson_1976_16IV19,17,14,16,6
Dyson_1976_16IV2,22,18,16,6
Dyson_1976_16IV20,17,14,16,6
Dyson_1976_16IV21,17,14,16,6
Dyson_1976_16IV22,9,11,16,6
Dyson_1976_16IV3,22,18,16,6
Dyson_1976_16IV33,9,11,16,6
Dyson_1976_16IV49,9,11,16,6
Dyson_1976_16IV63,17,14,17,7
Dyson_1976_16IV7,22,18,16,6
Dyson_1976_16IV8,22,18,16,6
Dyson_1976_22II10,16,14,16,6
Dyson_1976_22II11,16,14,17,7
Dyson_1976_22II110,17,14,17,7
Dyson_1976_22II111,17,14,17,7
Dyson_1976_22II112,17,14,17,7
Dyson_1976_22II114,17,14,17,7
Dyson_1976_22II12,16,14,16,6
Dyson_1976_22II124,17,14,17,7
Dyson_1976_22II24,16,14,16,6
Dyson_1976_22II25,16,14,16,6
Dyson_1976_22II3,16,14,16,6
Dyson_1976_22II39,22,18,16,6
Dyson_1976_22II40,22,18,16,6
Dyson_1976_22II46,22,18,16,6
Dyson_1976_22II52,9,11,16,6
Dyson_1976_22II54,9,11,16,6
Dyson_1976_22II57,9,11,16,6
Dyson_1976_22II63,9,11,16,6
Dyson_1976_22II68,9,11,16,6
Dyson_1976_22II7,16,14,16,6
Dyson_1976_22II88,17,14,17,7
Dyson_1976_22II97,17,14,17,7
Dyson_1976_CF10,22,18,16,6
Dyson_1976_CF11,22,18,16,6
Dyson_1976_CF12,22,18,16,6
Dyson_1976_CF16,9,11,16,6
Dyson_1976_CF17,9,11,16,6
Dyson_1976_CF30,9,11,16,6
Dyson_1976_CF31,9,11,16,6
Dyson_1976_CF32,9,11,16,6
Dyson_1976_CF36,9,11,16,6
Dyson_1976_CF39,9,11,16,6
Dyson_1976_CF57,9,11,16,6
Dyson_1976_CF6,22,18,16,6
Dyson_1976_CF7,22,18,16,6
Dyson_1976_CF72,17,14,17,7
Dyson_1976_FG12,22,18,16,6
Dyson_1976_FG13,22,18,16,6
Dyson_1976_FG14,22,18,16,6
Dyson_1976_FG34,9,11,16,6
Dyson_1976_FG35,9,11,16,6
Dyson_1976_FG40,9,11,16,6
Dyson_1976_FG49,17,14,16,6
Dyson_1976_FG50,17,14,16,6
Dyson_1976_LS116,17,14,17,7
Dyson_1976_LS19,16,14,16,6
Dyson_1976_LS2,16,14,16,6
Dyson_1976_LS20,16,14,16,6
Dyson_1976_LS22,16,14,16,6
Dyson_1976_LS3,16,14,16,6
Dyson_1976_LS31,16,14,16,6
Dyson_1976_LS4,16,14,16,6
Dyson_1976_LS49,22,18,16,6
Dyson_1976_LS66,9,11,16,6
Dyson_1976_LS72,9,11,16,6
Dyson_1976_LS80,9,11,16,6
Dyson_1976_LS92,17,14,16,6
Dyson_1976_PD10,22,18,16,6
Dyson_1976_PD11,22,18,16,6
Dyson_1976_PD121,17,14,17,7
Dyson_1976_PD126,17,14,17,7
Dyson_1976_PD127,17,14,17,7
Dyson_1976_PD14,22,18,16,6
Dyson_1976_PD15,22,18,16,6
Dyson_1976_PD16,22,18,16,6
Dyson_1976_PD22,22,18,16,6
Dyson_1976_PD24,22,18,16,6
Dyson_1976_PD25,22,18,16,6
Dyson_1976_PD26,22,18,16,6
Dyson_1976_PD55,9,11,16,6
Dyson_1976_PD57,9,11,16,6
Dyson_1976_PD95,20,17,16,6
Dyson_1976_VD14,22,18,16,6
Dyson_1976_VD16,22,18,16,6
Dyson_1976_VD19,17,14,16,6
Dyson_1976_VD20,17,14,16,6
Dyson_1976_VD21,17,14,16,6
Dyson_1976_VD22,17,14,16,6
Dyson_1976_VD27,9,11,16,6
Dyson_1976_VD28,9,11,16,6
Dyson_1976_VD29,9,11,16,6
Dyson_1976_VD30,9,11,16,6
Dyson_1976_VD31,9,11,16,6
Dyson_1976_VD32,9,11,16,6
Dyson_1976_VD33,9,11,16,6
Dyson_1976_VD34,9,11,16,6
Dyson_1976_VD35,9,11,16,6
Dyson_1976_VD36,9,11,16,6
Dyson_1976_VD37,9,11,16,6
Dyson_1976_VD38,9,11,16,6
Dyson_1976_VD39,9,11,16,6
Dyson_1976_VD40,9,11,16,6
Dyson_1976_VD41,9,11,16,6
Dyson_1976_VD42,9,11,16,6
Dyson_1976_VD43,9,11,16,6
Dyson_1976_VD47,9,11,16,6
Dyson_1976_VD5,22,18,16,6
Dyson_1976_VD6,22,18,16,6
Dyson_1976_VD7,22,18,16,6
Dyson_1976_VD8,22,18,16,6
Dyson_1976_VD9,22,18,16,6
FVM_AD.BL1,17,14,15,9
FVM_AD.BL2,17,14,15,9
FVM_AD.BR1,4,8,15,9
FVM_AD.BR6,4,8,15,9
FVM_AD.C2,18,1,15,9
FVM_AD.C3,19,2,15,9
FVM_AD.CO1,7,10,15,9
FVM_AD.CO2,7,10,15,9
FVM_AD.CO3,7,10,15,9
FVM_AD.CO4,7,10,15,9
FVM_AD.CO5,7,10,15,9
FVM_AD.O1,2,5,15,9
FVM_AD.O2,1,4,15,9
FVM_AD.O3,2,5,15,9
FVM_AD.O4,1,4,15,9
FVM_AD.O5,1,4,15,9
FVM_AD.O8,1,4,15,9
FVM_AD.PP1,20,17,15,9
FVM_AD.PT1,20,17,15,9
FVM_AD.PT2,20,17,15,9
FVM_AG.CL1,17,14,1,18
FVM_AG.CO1,7,10,1,18
FVM_AG.CO2,7,10,1,18
FVM_AG.CO3,7,10,1,18
FVM_AG.COpo1,7,10,1,18
FVM_AG.COpo2,7,10,1,18
FVM_AG.COpo5,7,10,1,18
FVM_AG.COpo6,7,10,1,18
FVM_AG.O1,2,5,1,18
FVM_AG.O10,1,4,1,18
FVM_AG.O15,2,5,1,18
FVM_AG.O18,1,4,1,18
FVM_AG.O2,1,4,1,18
FVM_AG.O3,1,4,1,18
FVM_AG.O4,2,5,1,18
FVM_AG.O5,1,4,1,18
FVM_AG.O6,2,5,1,18
FVM_AG.O7,1,4,1,18
FVM_AG.O8,1,4,1,18
FVM_AG.O9,1,4,1,18
FVM_AG.PE5,25,21,1,18
FVM_AG.T1,22,18,1,18
FVM_AG.T2,22,18,1,18
FVM_AG.T3,22,18,1,18
FVM_AG.T4,22,18,1,18
FVM_AG.T5,22,18,1,18
FVM_AG.T6,21,18,1,18
FVM_AG.T7,22,18,1,18
FVM_BI.1,26,22,10,11
FVM_C.C6,19,2,14,8
FVM_CG.01,2,5,14,8
FVM_CG.02,2,5,14,8
FVM_CG.03,2,5,14,8
FVM_CG.04,2,5,14,8
FVM_CG.BC3,17,14,14,8
FVM_CG.BR5,4,8,14,8
FVM_CG.C1,24,22,14,8
FVM_CG.CO5,7,10,14,8
FVM_CG.FCf4,6,8,14,8
FVM_CG.OT2,3,6,14,8
FVM_G.07,6,8,14,8
FVM_G.08,6,8,14,8
FVM_G.C1,19,2,14,8
FVM_G.C2,19,2,14,8
FVM_G.C3,19,3,14,8
FVM_G.C4,19,3,14,8
FVM_G.C5,19,2,14,8
FVM_G.K11,17,14,14,8
FVM_G.OI9,17,14,14,8
FVM_G.OL10,6,8,14,8
FVM_G.OT12,3,6,14,8
FVM_M.1,14,13,17,7
FVM_M.2,14,13,17,7
FVM_PS.AM1,17,14,21,21
FVM_PS.B1,13,14,21,21
FVM_PS.B2,13,14,21,21
FVM_PS.B3,13,14,21,21
FVM_PS.B4,13,14,21,21
FVM_PS.B5,13,14,21,21
FVM_PS.B6,13,14,21,21
FVM_PS.B7,13,14,21,21
FVM_PS.B8,13,14,21,21
FVM_PS.Bf1,13,14,21,21
FVM_PS.Bf2,13,14,21,21
FVM_PS.Bf3,13,14,21,21
FVM_PS.Bf4,13,14,21,21
FVM_PS.C1,19,2,21,21
FVM_PS.C2,19,2,21,21
FVM_PS.C3,19,2,21,21
FVM_SI.C1,18,1,25,24
FVM_SI.C2,19,3,25,24
FVM_SI.C3,19,3,25,24
FVM_SI.C4,18,1,25,24
FVM_SI.C5,19,3,25,24
FVM_SI.C6,19,1,25,24
FVM_SI.P1,20,17,25,24
FVM_SI.P2,20,17,25,24
FVM_SI.P3,20,17,25,24
FVM_SI.P4,20,17,25,24
FVM_SI.P5,20,17,25,24
FVM_SI.P6,20,17,25,24
FVM_SI.P7,20,17,25,24
FVM_VI.CO1,7,10,11,10
FVM_VI.T1,22,18,11,10
FVM_VI.T2,22,18,11,10
FVM_VI.T3,22,18,11,10
FVM_VI.T4,21,18,11,10
FVM_VI.T5,22,18,11,10
FVM_VI.T6,21,18,11,10
FVM_VI.T7,22,18,11,10
FVM_VN.C11,19,3,18,2
FVM_VN.C12,19,3,18,2
FVM_VN.C13,19,3,18,2
FVM_VN.C14,18,1,18,2
FVM_VN.C15,18,1,18,2
FVM_VN.C16,18,1,18,2
FVM_VN.C17,18,1,18,2
FVM_VN.C18,18,1,18,2
FVM_VN.K20,17,14,18,2
FVM_VN.OI22,17,14,18,2
FVM_VN.P1,20,17,18,2
FVM_VN.P10,20,17,18,2
FVM_VN.P2,20,17,18,2
FVM_VN.P3,20,17,18,2
FVM_VN.P4,20,17,18,2
FVM_VN.P5,20,17,18,2
FVM_VN.P6,20,17,18,2
FVM_VN.P7,20,17,18,2
FVM_VN.P8,20,17,18,2
FVM_VN.P9,20,17,18,2
FVM_VN.PA19,11,14,18,2
FVM_VN.PI21,17,14,18,2
FVM_VR.BA12,14,14,25,24
FVM_VR.C10,19,2,25,24
FVM_VR.C11,19,2,25,24
FVM_VR.C4,19,3,25,24
FVM_VR.C5,19,3,25,24
FVM_VR.C6,19,3,25,24
FVM_VR.C7,19,2,25,24
FVM_VR.C8,18,1,25,24
FVM_VR.C9,19,3,25,24
FVM_VR.O15,2,5,25,24
FVM_VR.OL13,6,8,25,24
FVM_VR.OL14,6,8,25,24
FVM_VR.P1,17,14,25,24
FVM_VR.PA2,11,14,25,24
FVM_VR.PA3,11,14,25,24
FVM_VRR.BA3,14,14,24,12
FVM_VRR.BA4,14,14,24,12
FVM_VRR.BA5,14,14,24,12
FVM_VRR.C1,18,1,24,12
FVM_VRR.C2,18,1,24,12
Goudineau_13,19,3,23,23
Goudineau_15,20,17,23,23
Goudineau_16,19,3,23,23
Goudineau_17,20,17,23,23
Goudineau_18,18,1,23,23
Goudineau_19,20,17,23,23
Goudineau_25,18,1,23,23
Goudineau_28,20,17,23,23
Goudineau_29b,19,2,23,23
Goudineau_30,20,17,23,23
Goudineau_31,20,17,23,23
Goudineau_32b,18,1,23,23
Goudineau_34,20,17,23,23
Goudineau_37,18,1,23,23
Goudineau_38b,19,1,23,23
Goudineau_39,20,17,23,23
Goudineau_41,19,3,23,23
Goudineau_43,20,17,23,23
Goudineau_7c,18,1,23,23
Luni_II_109.8,24,19,23,23
Luni_II_122.1,22,18,17,7
Luni_II_125.13,14,14,4,16
Luni_II_125.8,17,14,4,16
Luni_II_125.9,17,14,4,16
Luni_II_129.1,17,14,1,18
Luni_II_129.5,17,14,1,18
Luni_II_131.1,22,18,1,18
Luni_II_131.14,17,14,4,16
Luni_II_131.16,17,14,4,16
Luni_II_131.19,17,14,4,16
Luni_II_131.9,17,14,4,16
Luni_II_133.2,2,5,4,16
Luni_II_133.4,2,5,4,16
Luni_II_133.8,2,5,4,16
Luni_II_133.9,2,5,4,16
Luni_II_135.4,17,14,4,16
Luni_II_136.7,7,10,4,16
Luni_II_137.1,7,10,4,16
Luni_II_137.10,7,10,4,16
Luni_II_137.6,7,10,4,16
Luni_II_196.6,25,21,4,16
Luni_II_265.19,6,8,4,16
Luni_II_265.20,6,8,4,16
Luni_II_266.1,4,8,4,16
Luni_II_267.4,17,14,4,16
Luni_II_270.6,25,21,4,16
Luni_II_275.13,7,10,4,16
Luni_II_276.1,7,10,4,16
Luni_II_276.4,7,10,4,16
Luni_II_59.12,17,14,20,3
Luni_II_69.1,17,14,19,1
Luni_II_72.12,11,14,19,1
Luni_II_81.21,17,14,10,11
Luni_II_82.1,17,14,10,11
Luni_II_82.11,17,14,10,11
Luni_II_82.2,17,14,10,11
Luni_II_82.6,17,14,10,11
Luni_II_82.8,17,14,10,11
Luni_II_96.15,10,16,24,12
Luni_II_Group_11,19,2,4,16
Luni_II_Group_20,4,7,4,16
Luni_II_Group_26b,17,14,4,16
Luni_II_Group_26c,17,14,4,16
Luni_II_Group_29d,17,14,4,16
Luni_II_Group_3,14,14,4,16
Luni_II_Group_32e,2,5,4,16
Luni_II_Group_35,2,5,4,16
Luni_II_Group_35a,2,5,4,16
Luni_II_Group_35b,2,5,4,16
Luni_II_Group_36,2,5,4,16
Luni_II_Group_36d,1,4,4,16
Luni_II_Group_3b,14,14,4,16
Luni_II_Group_41a,2,5,4,16
Luni_II_Group_45b,3,6,4,16
Luni_II_Group_47,7,10,4,16
Luni_II_Group_47a,7,10,4,16
Luni_II_Group_47d,7,10,4,16
Luni_II_Group_48a,7,10,4,16
Luni_II_Group_5a,26,22,4,16
Marabini_15,13,14,22,22
Marabini_19,19,3,22,22
Marabini_32,13,14,22,22
Marabini_36,19,3,22,22
Marabini_42,19,3,22,22
Marabini_46,13,14,22,22
Marabini_47,13,14,22,22
Marabini_60,13,14,22,22
Marabini_61,19,3,22,22
Marabini_64,19,3,22,22
Marabini_66,19,3,22,22
Marabini_67,19,3,22,22
Marabini_68,13,14,22,22
Marabini_8,19,3,22,22
Morel_1121,20,17,19,1
Morel_1262,19,2,19,1
Morel_1281,20,17,19,1
Morel_1315,20,17,19,1
Morel_1531,20,17,19,1
Morel_1542,20,17,19,1
Morel_2255,20,17,19,1
Morel_2273,20,17,19,1
Morel_2282,20,17,19,1
Morel_2283,20,17,19,1
Morel_2538,19,2,19,1
Morel_2611,19,2,19,1
Morel_2614,19,2,19,1
Morel_2615,19,2,19,1
Morel_2616,19,2,19,1
Morel_2645,19,2,19,1
Morel_2652,19,2,19,1
Morel_2653,19,2,19,1
Morel_2783,19,2,19,1
Morel_2784,19,2,19,1
Morel_2831,19,3,19,1
Morel_2832,19,3,19,1
Morel_2912,19,2,19,1
Morel_2914,19,2,19,1
Morel_2943,19,2,19,1
Morel_2950,19,2,19,1
Morel_2954,19,2,19,1
Morel_2964,19,2,19,1
Morel_2974,19,2,19,1
Morel_2977,19,2,19,1
Morel_2983,19,2,19,1
Morel_3536,17,14,19,1
Pompei_VI.5_CE_1001,19,3,19,1
Pompei_VI.5_CE_1017,17,14,19,1
Pompei_VI.5_CE_1017.1,19,3,19,1
Pompei_VI.5_CE_1018,19,3,19,1
Pompei_VI.5_CE_1023,4,7,6,13
Pompei_VI.5_CE_1030,19,3,19,1
Pompei_VI.5_CE_1044,2,5,7,14
Pompei_VI.5_CE_1048,19,3,22,22
Pompei_VI.5_CE_1048.3,3,6,22,22
Pompei_VI.5_CE_105,22,18,7,14
Pompei_VI.5_CE_1053,19,3,19,1
Pompei_VI.5_CE_1059,4,7,6,13
Pompei_VI.5_CE_1080,6,8,6,13
Pompei_VI.5_CE_1086,19,3,19,1
Pompei_VI.5_CE_1103.11,7,10,6,13
Pompei_VI.5_CE_112,14,13,9,20
Pompei_VI.5_CE_1122,25,21,6,13
Pompei_VI.5_CE_1124,22,18,7,14
Pompei_VI.5_CE_1124.1,22,18,7,14
Pompei_VI.5_CE_1124.2,22,18,7,14
Pompei_VI.5_CE_1126,25,21,6,13
Pompei_VI.5_CE_1127,25,21,6,13
Pompei_VI.5_CE_1130.3,22,18,7,14
Pompei_VI.5_CE_1131,2,5,6,13
Pompei_VI.5_CE_1135,4,7,6,13
Pompei_VI.5_CE_1135.13,4,7,6,13
Pompei_VI.5_CE_1135.14,2,5,7,14
Pompei_VI.5_CE_1135.22,4,7,6,13
Pompei_VI.5_CE_1135.23,4,7,6,13
Pompei_VI.5_CE_1135.8,7,10,6,13
Pompei_VI.5_CE_1137,19,2,6,13
Pompei_VI.5_CE_1141,19,2,6,13
Pompei_VI.5_CE_1146,3,6,22,22
Pompei_VI.5_CE_1146.1,3,6,22,22
Pompei_VI.5_CE_1146.10,3,6,22,22
Pompei_VI.5_CE_1146.15,19,3,22,22
Pompei_VI.5_CE_1146.16,19,3,22,22
Pompei_VI.5_CE_1146.2,19,3,22,22
Pompei_VI.5_CE_1146.3,19,3,22,22
Pompei_VI.5_CE_1147,3,6,22,22
Pompei_VI.5_CE_1148,19,3,22,22
Pompei_VI.5_CE_1150,3,6,22,22
Pompei_VI.5_CE_1151,19,3,22,22
Pompei_VI.5_CE_1152,19,3,22,22
Pompei_VI.5_CE_1153,19,3,22,22
Pompei_VI.5_CE_1154,19,3,22,22
Pompei_VI.5_CE_1156,19,3,22,22
Pompei_VI.5_CE_1158,3,6,22,22
Pompei_VI.5_CE_116,2,5,7,14
Pompei_VI.5_CE_1161,19,3,22,22
Pompei_VI.5_CE_117,2,5,7,14
Pompei_VI.5_CE_1170,19,3,19,1
Pompei_VI.5_CE_1171,11,12,20,3
Pompei_VI.5_CE_1172,26,22,19,1
Pompei_VI.5_CE_1173,17,14,19,1
Pompei_VI.5_CE_1173.36,10,16,23,23
Pompei_VI.5_CE_1174,17,14,19,1
Pompei_VI.5_CE_118,2,5,7,14
Pompei_VI.5_CE_1182.64,10,16,23,23
Pompei_VI.5_CE_1187,10,16,23,23
Pompei_VI.5_CE_12.2,2,5,7,14
Pompei_VI.5_CE_120,14,13,9,20
Pompei_VI.5_CE_122,2,5,7,14
Pompei_VI.5_CE_1224,10,16,23,23
Pompei_VI.5_CE_1226.1,4,7,6,13
Pompei_VI.5_CE_123,19,2,6,13
Pompei_VI.5_CE_124.1,19,2,6,13
Pompei_VI.5_CE_1243,18,1,20,3
Pompei_VI.5_CE_1244,7,10,19,1
Pompei_VI.5_CE_1261,18,1,19,1
Pompei_VI.5_CE_1287,11,12,20,3
Pompei_VI.5_CE_129,19,3,19,1
Pompei_VI.5_CE_1293,2,5,7,14
Pompei_VI.5_CE_130.2,19,3,19,1
Pompei_VI.5_CE_1302,11,12,19,1
Pompei_VI.5_CE_1303,11,12,19,1
Pompei_VI.5_CE_1306,19,3,19,1
Pompei_VI.5_CE_131,17,14,19,1
Pompei_VI.5_CE_1313,19,3,19,1
Pompei_VI.5_CE_1315,19,3,19,1
Pompei_VI.5_CE_1316,17,14,19,1
Pompei_VI.5_CE_1317,11,12,19,1
Pompei_VI.5_CE_1318,18,1,19,1
Pompei_VI.5_CE_1319,19,3,19,1
Pompei_VI.5_CE_1320,17,14,19,1
Pompei_VI.5_CE_1322.1,19,3,19,1
Pompei_VI.5_CE_1322.2,17,14,19,1
Pompei_VI.5_CE_1322.3,4,8,19,1
Pompei_VI.5_CE_1322.5,17,14,20,3
Pompei_VI.5_CE_1323.1,19,3,19,1
Pompei_VI.5_CE_1323.10,19,3,19,1
Pompei_VI.5_CE_1323.11,19,3,19,1
Pompei_VI.5_CE_1323.12,19,3,19,1
Pompei_VI.5_CE_1323.13,11,14,19,1
Pompei_VI.5_CE_1323.14,18,1,19,1
Pompei_VI.5_CE_1323.15,19,3,19,1
Pompei_VI.5_CE_1323.16,19,3,19,1
Pompei_VI.5_CE_1323.2,19,3,19,1
Pompei_VI.5_CE_1323.3,19,3,19,1
Pompei_VI.5_CE_1323.4,19,3,19,1
Pompei_VI.5_CE_1323.5,11,14,19,1
Pompei_VI.5_CE_1323.6,19,3,19,1
Pompei_VI.5_CE_1323.7,19,3,19,1
Pompei_VI.5_CE_1323.8,11,14,19,1
Pompei_VI.5_CE_1323.9,18,1,20,3
Pompei_VI.5_CE_1324.10,19,3,19,1
Pompei_VI.5_CE_1324.11,19,3,19,1
Pompei_VI.5_CE_1324.12,19,3,19,1
Pompei_VI.5_CE_1324.13,18,1,19,1
Pompei_VI.5_CE_1324.2,19,3,19,1
Pompei_VI.5_CE_1324.8,15,14,19,1
Pompei_VI.5_CE_1324.9,17,14,19,1
Pompei_VI.5_CE_1329.1,2,5,7,14
Pompei_VI.5_CE_1329.2,2,5,6,13
Pompei_VI.5_CE_1330,2,5,7,14
Pompei_VI.5_CE_1330.2,22,18,7,14
Pompei_VI.5_CE_1330.3,22,18,7,14
Pompei_VI.5_CE_1331,22,18,7,14
Pompei_VI.5_CE_1332,22,18,7,14
Pompei_VI.5_CE_1332.2,22,18,7,14
Pompei_VI.5_CE_1332.3,22,18,7,14
Pompei_VI.5_CE_1332.4,22,18,7,14
Pompei_VI.5_CE_1334,22,18,7,14
Pompei_VI.5_CE_1338,22,18,7,14
Pompei_VI.5_CE_134,26,22,19,1
Pompei_VI.5_CE_1343,2,5,6,13
Pompei_VI.5_CE_1346,4,7,6,13
Pompei_VI.5_CE_135,19,3,19,1
Pompei_VI.5_CE_136,17,14,20,3
Pompei_VI.5_CE_137,26,22,20,3
Pompei_VI.5_CE_1381,22,18,7,14
Pompei_VI.5_CE_1387,4,7,6,13
Pompei_VI.5_CE_1390,18,1,19,1
Pompei_VI.5_CE_1390.1,15,14,19,1
Pompei_VI.5_CE_1390.2,15,14,19,1
Pompei_VI.5_CE_1390.2a,17,14,19,1
Pompei_VI.5_CE_1394,19,3,22,22
Pompei_VI.5_CE_1397,3,6,22,22
Pompei_VI.5_CE_1423.4,22,18,7,14
Pompei_VI.5_CE_1424,19,3,19,1
Pompei_VI.5_CE_1424.1,17,14,19,1
Pompei_VI.5_CE_1424.3,19,3,19,1
Pompei_VI.5_CE_1424.4,15,14,19,1
Pompei_VI.5_CE_143,14,13,9,20
Pompei_VI.5_CE_144,2,5,7,14
Pompei_VI.5_CE_1446,17,14,19,1
Pompei_VI.5_CE_1446.1,17,14,19,1
Pompei_VI.5_CE_1461,19,3,19,1
Pompei_VI.5_CE_1477.8,2,5,6,13
Pompei_VI.5_CE_1480,14,13,9,20
Pompei_VI.5_CE_151,19,3,19,1
Pompei_VI.5_CE_1512.4,26,22,20,3
Pompei_VI.5_CE_1516,17,14,9,20
Pompei_VI.5_CE_1519,19,3,19,1
Pompei_VI.5_CE_1524,14,13,9,20
Pompei_VI.5_CE_1526,19,3,19,1
Pompei_VI.5_CE_1529.8,3,6,22,22
Pompei_VI.5_CE_153,19,2,19,1
Pompei_VI.5_CE_1531,17,14,23,23
Pompei_VI.5_CE_1539.3,3,6,22,22
Pompei_VI.5_CE_154,19,3,19,1
Pompei_VI.5_CE_1542,18,1,19,1
Pompei_VI.5_CE_1542.3,19,3,19,1
Pompei_VI.5_CE_1542.4,26,22,20,3
Pompei_VI.5_CE_1542.5,19,3,19,1
Pompei_VI.5_CE_1542.6,19,3,19,1
Pompei_VI.5_CE_1542.7,19,3,19,1
Pompei_VI.5_CE_1542.8,11,12,19,1
Pompei_VI.5_CE_1553,12,15,23,23
Pompei_VI.5_CE_1563,19,3,22,22
Pompei_VI.5_CE_1563.2,19,3,22,22
Pompei_VI.5_CE_1568,14,13,9,20
Pompei_VI.5_CE_1585,17,14,23,23
Pompei_VI.5_CE_1586.1,10,16,23,23
Pompei_VI.5_CE_1587,10,16,23,23
Pompei_VI.5_CE_1595,4,7,6,13
Pompei_VI.5_CE_1596.1,14,13,9,20
Pompei_VI.5_CE_1603,18,1,19,1
Pompei_VI.5_CE_1603.1,18,1,19,1
Pompei_VI.5_CE_1606,4,7,6,13
Pompei_VI.5_CE_1612,19,3,22,22
Pompei_VI.5_CE_1612.4,19,3,22,22
Pompei_VI.5_CE_1612.6,3,6,22,22
Pompei_VI.5_CE_1614.4,2,5,7,14
Pompei_VI.5_CE_162,22,18,7,14
Pompei_VI.5_CE_1642.2,19,3,19,1
Pompei_VI.5_CE_1654,17,14,19,1
Pompei_VI.5_CE_1655,6,8,19,1
Pompei_VI.5_CE_1663,2,5,7,14
Pompei_VI.5_CE_1664,3,6,22,22
Pompei_VI.5_CE_1680,19,3,19,1
Pompei_VI.5_CE_1694,19,2,19,1
Pompei_VI.5_CE_170,17,14,9,20
Pompei_VI.5_CE_1705.3,19,3,22,22
Pompei_VI.5_CE_1708.2,4,7,6,13
Pompei_VI.5_CE_1716,12,15,23,23
Pompei_VI.5_CE_1717,17,14,19,1
Pompei_VI.5_CE_1717.2,18,1,19,1
Pompei_VI.5_CE_1727.10,14,13,9,20
Pompei_VI.5_CE_1727.3,4,7,6,13
Pompei_VI.5_CE_1735,3,6,22,22
Pompei_VI.5_CE_1735.1,19,3,22,22
Pompei_VI.5_CE_1753,4,7,6,13
Pompei_VI.5_CE_1753.1,4,7,6,13
Pompei_VI.5_CE_1753.3,4,7,6,13
Pompei_VI.5_CE_1762.2,11,12,20,3
Pompei_VI.5_CE_1764,12,15,23,23
Pompei_VI.5_CE_177,22,18,7,14
Pompei_VI.5_CE_1771,11,12,19,1
Pompei_VI.5_CE_1771.1,11,12,19,1
Pompei_VI.5_CE_1771.6,17,14,19,1
Pompei_VI.5_CE_1773.60,12,15,23,23
Pompei_VI.5_CE_1774.1,3,6,22,22
Pompei_VI.5_CE_1774.10,19,3,22,22
Pompei_VI.5_CE_1777,4,7,6,13
Pompei_VI.5_CE_1777.11,2,5,7,14
Pompei_VI.5_CE_1777.12,2,5,7,14
Pompei_VI.5_CE_1777.21,4,7,6,13
Pompei_VI.5_CE_1786,2,5,7,14
Pompei_VI.5_CE_1789,11,12,19,1
Pompei_VI.5_CE_18.4,19,3,22,22
Pompei_VI.5_CE_180,17,14,19,1
Pompei_VI.5_CE_1806,19,3,19,1
Pompei_VI.5_CE_1815.1,19,3,22,22
Pompei_VI.5_CE_182,19,3,19,1
Pompei_VI.5_CE_1826,14,13,9,20
Pompei_VI.5_CE_1827,2,5,7,14
Pompei_VI.5_CE_1839,11,12,19,1
Pompei_VI.5_CE_1839.2,17,14,19,1
Pompei_VI.5_CE_1840,11,12,20,3
Pompei_VI.5_CE_1841,17,14,19,1
Pompei_VI.5_CE_1842,12,15,23,23
Pompei_VI.5_CE_1842.9,10,16,23,23
Pompei_VI.5_CE_1846,19,3,19,1
Pompei_VI.5_CE_1848,17,14,19,1
Pompei_VI.5_CE_1853,4,7,6,13
Pompei_VI.5_CE_1874,17,14,9,20
Pompei_VI.5_CE_1876,17,14,9,20
Pompei_VI.5_CE_1878,19,3,19,1
Pompei_VI.5_CE_188,25,21,6,13
Pompei_VI.5_CE_1884,12,15,23,23
Pompei_VI.5_CE_189,2,5,7,14
Pompei_VI.5_CE_1907.6,2,5,6,13
Pompei_VI.5_CE_1908.2,3,6,22,22
Pompei_VI.5_CE_191,7,10,6,13
Pompei_VI.5_CE_1914,18,1,19,1
Pompei_VI.5_CE_1915,17,14,19,1
Pompei_VI.5_CE_1916,17,14,19,1
Pompei_VI.5_CE_1925,19,3,19,1
Pompei_VI.5_CE_1928,19,3,19,1
Pompei_VI.5_CE_1929,11,12,20,3
Pompei_VI.5_CE_1935,4,7,6,13
Pompei_VI.5_CE_1938,14,13,9,20
Pompei_VI.5_CE_194,19,3,20,3
Pompei_VI.5_CE_1942.2,14,13,9,20
Pompei_VI.5_CE_1951,26,22,19,1
Pompei_VI.5_CE_1958,19,3,19,1
Pompei_VI.5_CE_1968.3,19,3,22,22
Pompei_VI.5_CE_1979,19,3,19,1
Pompei_VI.5_CE_1983.2,7,10,6,13
Pompei_VI.5_CE_1987,3,6,22,22
Pompei_VI.5_CE_1987.1,3,6,22,22
Pompei_VI.5_CE_1987.2,3,6,22,22
Pompei_VI.5_CE_1991,3,6,22,22
Pompei_VI.5_CE_1996,11,12,19,1
Pompei_VI.5_CE_1998.1,2,5,7,14
Pompei_VI.5_CE_1999,3,6,22,22
Pompei_VI.5_CE_200,17,14,19,1
Pompei_VI.5_CE_2004.8,2,5,7,14
Pompei_VI.5_CE_2005,2,5,7,14
Pompei_VI.5_CE_201,19,3,19,1
Pompei_VI.5_CE_202,17,14,19,1
Pompei_VI.5_CE_206,17,14,19,1
Pompei_VI.5_CE_2060,19,3,19,1
Pompei_VI.5_CE_2061,18,1,19,1
Pompei_VI.5_CE_2069,19,3,22,22
Pompei_VI.5_CE_2069.11,3,6,22,22
Pompei_VI.5_CE_2069.13,3,6,22,22
Pompei_VI.5_CE_2069.18,3,6,22,22
Pompei_VI.5_CE_2069.19,19,3,22,22
Pompei_VI.5_CE_2069.2,3,6,22,22
Pompei_VI.5_CE_2069.20,19,3,22,22
Pompei_VI.5_CE_2069.22,19,3,22,22
Pompei_VI.5_CE_2069.3,3,6,22,22
Pompei_VI.5_CE_2069.5,19,3,22,22
Pompei_VI.5_CE_2069.6,19,3,22,22
Pompei_VI.5_CE_2069.8,3,6,22,22
Pompei_VI.5_CE_2069.9,19,3,22,22
Pompei_VI.5_CE_207,17,14,19,1
Pompei_VI.5_CE_2082,2,5,7,14
Pompei_VI.5_CE_2083,2,5,7,14
Pompei_VI.5_CE_2085,25,21,6,13
Pompei_VI.5_CE_209,19,3,19,1
Pompei_VI.5_CE_2092,4,7,6,13
Pompei_VI.5_CE_2093,19,2,6,13
Pompei_VI.5_CE_2099,14,13,9,20
Pompei_VI.5_CE_21,3,6,22,22
Pompei_VI.5_CE_2101,4,7,6,13
Pompei_VI.5_CE_2106,2,5,6,13
Pompei_VI.5_CE_2109,4,7,6,13
Pompei_VI.5_CE_2121,4,7,6,13
Pompei_VI.5_CE_2124,4,7,6,13
Pompei_VI.5_CE_2125,4,7,6,13
Pompei_VI.5_CE_213,19,3,19,1
Pompei_VI.5_CE_2131,14,13,9,20
Pompei_VI.5_CE_2137,2,5,7,14
Pompei_VI.5_CE_2138,2,5,7,14
Pompei_VI.5_CE_2139,19,2,6,13
Pompei_VI.5_CE_214,19,2,19,1
Pompei_VI.5_CE_2142,4,7,6,13
Pompei_VI.5_CE_2143,4,7,6,13
Pompei_VI.5_CE_215,19,3,19,1
Pompei_VI.5_CE_216,19,3,19,1
Pompei_VI.5_CE_2164,15,14,19,1
Pompei_VI.5_CE_2165,15,14,19,1
Pompei_VI.5_CE_2167,19,3,19,1
Pompei_VI.5_CE_2168,19,3,19,1
Pompei_VI.5_CE_2169,17,14,19,1
Pompei_VI.5_CE_217,17,14,19,1
Pompei_VI.5_CE_2170,19,3,19,1
Pompei_VI.5_CE_2171,11,12,19,1
Pompei_VI.5_CE_2172,19,3,19,1
Pompei_VI.5_CE_2173,17,14,19,1
Pompei_VI.5_CE_2177,17,14,19,1
Pompei_VI.5_CE_2178,18,1,20,3
Pompei_VI.5_CE_2179,19,3,19,1
Pompei_VI.5_CE_218,19,3,19,1
Pompei_VI.5_CE_2180,19,3,19,1
Pompei_VI.5_CE_2182,19,3,19,1
Pompei_VI.5_CE_2184,19,3,19,1
Pompei_VI.5_CE_2185,18,1,19,1
Pompei_VI.5_CE_2186,18,1,19,1
Pompei_VI.5_CE_2187,18,1,19,1
Pompei_VI.5_CE_2189,18,1,19,1
Pompei_VI.5_CE_219,19,3,19,1
Pompei_VI.5_CE_2191,19,3,19,1
Pompei_VI.5_CE_2192,18,1,19,1
Pompei_VI.5_CE_2193,19,3,19,1
Pompei_VI.5_CE_2194,19,2,19,1
Pompei_VI.5_CE_2196,26,22,20,3
Pompei_VI.5_CE_2198,18,1,19,1
Pompei_VI.5_CE_220,19,3,19,1
Pompei_VI.5_CE_2200,17,14,19,1
Pompei_VI.5_CE_2201,19,3,19,1
Pompei_VI.5_CE_2202,15,14,19,1
Pompei_VI.5_CE_2203,18,1,19,1
Pompei_VI.5_CE_2206,19,3,19,1
Pompei_VI.5_CE_2207,19,3,19,1
Pompei_VI.5_CE_221,19,2,19,1
Pompei_VI.5_CE_222,19,3,19,1
Pompei_VI.5_CE_2220,7,10,6,13
Pompei_VI.5_CE_2225,2,5,7,14
Pompei_VI.5_CE_2226,4,7,6,13
Pompei_VI.5_CE_2227,2,5,7,14
Pompei_VI.5_CE_2228,19,2,6,13
Pompei_VI.5_CE_223,19,3,19,1
Pompei_VI.5_CE_2232,19,2,6,13
Pompei_VI.5_CE_2237,19,2,6,13
Pompei_VI.5_CE_224,19,3,19,1
Pompei_VI.5_CE_2242,2,5,6,13
Pompei_VI.5_CE_2248,4,7,6,13
Pompei_VI.5_CE_225,26,22,19,1
Pompei_VI.5_CE_2250,14,13,9,20
Pompei_VI.5_CE_2251,19,2,6,13
Pompei_VI.5_CE_2254,2,5,7,14
Pompei_VI.5_CE_2255,2,5,7,14
Pompei_VI.5_CE_226,11,12,19,1
Pompei_VI.5_CE_2286,12,15,23,23
Pompei_VI.5_CE_2286.1,12,15,23,23
Pompei_VI.5_CE_2291,3,6,22,22
Pompei_VI.5_CE_2298,3,6,22,22
Pompei_VI.5_CE_2299,3,6,22,22
Pompei_VI.5_CE_2301,19,3,22,22
Pompei_VI.5_CE_231,22,18,7,14
Pompei_VI.5_CE_233,2,5,7,14
Pompei_VI.5_CE_234,2,5,7,14
Pompei_VI.5_CE_241,2,5,7,14
Pompei_VI.5_CE_242,2,5,7,14
Pompei_VI.5_CE_244,7,10,6,13
Pompei_VI.5_CE_2518,14,13,9,20
Pompei_VI.5_CE_257,7,10,6,13
Pompei_VI.5_CE_26,2,5,6,13
Pompei_VI.5_CE_264,14,13,9,20
Pompei_VI.5_CE_271,14,13,9,20
Pompei_VI.5_CE_272,2,5,7,14
Pompei_VI.5_CE_273,22,18,7,14
Pompei_VI.5_CE_277,22,18,7,14
Pompei_VI.5_CE_279,22,18,7,14
Pompei_VI.5_CE_281,7,10,6,13
Pompei_VI.5_CE_284,18,1,19,1
Pompei_VI.5_CE_285,18,1,19,1
Pompei_VI.5_CE_286,2,5,7,14
Pompei_VI.5_CE_287,2,5,7,14
Pompei_VI.5_CE_292,17,14,19,1
Pompei_VI.5_CE_320,3,6,22,22
Pompei_VI.5_CE_321,3,6,22,22
Pompei_VI.5_CE_323,3,6,22,22
Pompei_VI.5_CE_329,10,16,23,23
Pompei_VI.5_CE_33,12,15,23,23
Pompei_VI.5_CE_33.1,10,16,23,23
Pompei_VI.5_CE_333,24,19,19,1
Pompei_VI.5_CE_335,19,2,19,1
Pompei_VI.5_CE_336,19,3,19,1
Pompei_VI.5_CE_337,19,2,19,1
Pompei_VI.5_CE_338,11,12,19,1
Pompei_VI.5_CE_339.5,24,19,20,3
Pompei_VI.5_CE_344,4,7,6,13
Pompei_VI.5_CE_350,4,7,6,13
Pompei_VI.5_CE_354,2,5,7,14
Pompei_VI.5_CE_355,25,21,6,13
Pompei_VI.5_CE_365,2,5,6,13
Pompei_VI.5_CE_367,15,14,19,1
Pompei_VI.5_CE_368,7,10,19,1
Pompei_VI.5_CE_369,19,3,19,1
Pompei_VI.5_CE_37,3,6,22,22
Pompei_VI.5_CE_370,19,3,19,1
Pompei_VI.5_CE_371,18,1,19,1
Pompei_VI.5_CE_373,17,14,19,1
Pompei_VI.5_CE_374,19,3,19,1
Pompei_VI.5_CE_375,19,3,19,1
Pompei_VI.5_CE_376,19,2,19,1
Pompei_VI.5_CE_377,19,3,19,1
Pompei_VI.5_CE_380,19,2,19,1
Pompei_VI.5_CE_381,15,14,19,1
Pompei_VI.5_CE_382,18,1,20,3
Pompei_VI.5_CE_383,19,3,19,1
Pompei_VI.5_CE_384,19,3,19,1
Pompei_VI.5_CE_386,19,2,19,1
Pompei_VI.5_CE_387,19,3,19,1
Pompei_VI.5_CE_398,10,16,23,23
Pompei_VI.5_CE_399,10,16,23,23
Pompei_VI.5_CE_400,25,21,6,13
Pompei_VI.5_CE_401,7,10,6,13
Pompei_VI.5_CE_402,2,5,7,14
Pompei_VI.5_CE_404,22,18,7,14
Pompei_VI.5_CE_405,17,14,9,20
Pompei_VI.5_CE_407,2,5,7,14
Pompei_VI.5_CE_408,25,21,6,13
Pompei_VI.5_CE_409,25,21,6,13
Pompei_VI.5_CE_420,19,2,6,13
Pompei_VI.5_CE_421,19,3,19,1
Pompei_VI.5_CE_423,4,7,6,13
Pompei_VI.5_CE_425,4,7,6,13
Pompei_VI.5_CE_434,18,1,20,3
Pompei_VI.5_CE_446,15,14,19,1
Pompei_VI.5_CE_447,15,14,19,1
Pompei_VI.5_CE_451,18,1,20,3
Pompei_VI.5_CE_452,26,22,20,3
Pompei_VI.5_CE_465,3,6,22,22
Pompei_VI.5_CE_467.2,3,6,22,22
Pompei_VI.5_CE_467.3,3,6,22,22
Pompei_VI.5_CE_467.6,19,3,22,22
Pompei_VI.5_CE_468,19,3,19,1
Pompei_VI.5_CE_48,12,15,23,23
Pompei_VI.5_CE_483.1,19,2,6,13
Pompei_VI.5_CE_487,4,7,6,13
Pompei_VI.5_CE_488,25,21,6,13
Pompei_VI.5_CE_491,6,8,6,13
Pompei_VI.5_CE_492,19,2,6,13
Pompei_VI.5_CE_495,4,7,6,13
Pompei_VI.5_CE_498,2,5,7,14
Pompei_VI.5_CE_499,4,7,6,13
Pompei_VI.5_CE_502,4,7,6,13
Pompei_VI.5_CE_503,4,7,6,13
Pompei_VI.5_CE_504,4,7,6,13
Pompei_VI.5_CE_506,4,7,6,13
Pompei_VI.5_CE_507,19,2,6,13
Pompei_VI.5_CE_515,18,1,19,1
Pompei_VI.5_CE_516,17,14,19,1
Pompei_VI.5_CE_517,19,3,19,1
Pompei_VI.5_CE_518,19,3,19,1
Pompei_VI.5_CE_519,19,3,19,1
Pompei_VI.5_CE_520,19,2,19,1
Pompei_VI.5_CE_521,19,3,19,1
Pompei_VI.5_CE_522,17,14,19,1
Pompei_VI.5_CE_523,19,3,19,1
Pompei_VI.5_CE_524,19,3,19,1
Pompei_VI.5_CE_525,19,2,19,1
Pompei_VI.5_CE_526,19,3,19,1
Pompei_VI.5_CE_527,19,3,19,1
Pompei_VI.5_CE_528,19,2,19,1
Pompei_VI.5_CE_529,19,3,19,1
Pompei_VI.5_CE_53,22,18,7,14
Pompei_VI.5_CE_536,17,14,19,1
Pompei_VI.5_CE_542.1,22,18,7,14
Pompei_VI.5_CE_543,14,13,9,20
Pompei_VI.5_CE_549,22,18,7,14
Pompei_VI.5_CE_550,22,18,7,14
Pompei_VI.5_CE_555.1,2,5,7,14
Pompei_VI.5_CE_556.1,14,13,9,20
Pompei_VI.5_CE_557.1,22,18,7,14
Pompei_VI.5_CE_582,19,2,6,13
Pompei_VI.5_CE_587.2,3,6,22,22
Pompei_VI.5_CE_587.3,3,6,22,22
Pompei_VI.5_CE_590,3,6,22,22
Pompei_VI.5_CE_591,3,6,22,22
Pompei_VI.5_CE_592,19,3,22,22
Pompei_VI.5_CE_593.8,12,15,23,23
Pompei_VI.5_CE_595,10,16,23,23
Pompei_VI.5_CE_598.1,19,2,6,13
Pompei_VI.5_CE_601,4,7,6,13
Pompei_VI.5_CE_603,4,7,6,13
Pompei_VI.5_CE_605,4,7,6,13
Pompei_VI.5_CE_608,17,14,19,1
Pompei_VI.5_CE_614,6,8,6,13
Pompei_VI.5_CE_616,17,14,9,20
Pompei_VI.5_CE_623,2,5,7,14
Pompei_VI.5_CE_634,19,3,19,1
Pompei_VI.5_CE_635,18,1,19,1
Pompei_VI.5_CE_636,18,1,19,1
Pompei_VI.5_CE_637,19,3,19,1
Pompei_VI.5_CE_645,2,5,7,14
Pompei_VI.5_CE_656,3,6,22,22
Pompei_VI.5_CE_661,14,13,9,20
Pompei_VI.5_CE_670,2,5,7,14
Pompei_VI.5_CE_677,11,12,19,1
Pompei_VI.5_CE_686,2,5,7,14
Pompei_VI.5_CE_687.1,19,3,20,3
Pompei_VI.5_CE_694,22,18,7,14
Pompei_VI.5_CE_695,7,10,6,13
Pompei_VI.5_CE_696,2,5,7,14
Pompei_VI.5_CE_697,2,5,7,14
Pompei_VI.5_CE_699,2,5,7,14
Pompei_VI.5_CE_7,19,2,19,1
Pompei_VI.5_CE_707,19,3,19,1
Pompei_VI.5_CE_708,2,5,7,14
Pompei_VI.5_CE_721,19,3,19,1
Pompei_VI.5_CE_722,19,3,19,1
Pompei_VI.5_CE_723,19,3,19,1
Pompei_VI.5_CE_724,18,1,19,1
Pompei_VI.5_CE_725,19,3,19,1
Pompei_VI.5_CE_726,19,3,19,1
Pompei_VI.5_CE_727,19,3,19,1
Pompei_VI.5_CE_728,19,3,19,1
Pompei_VI.5_CE_730,19,3,19,1
Pompei_VI.5_CE_732,19,3,19,1
Pompei_VI.5_CE_735,19,3,19,1
Pompei_VI.5_CE_737,19,3,19,1
Pompei_VI.5_CE_737.1,18,1,19,1
Pompei_VI.5_CE_738,18,1,19,1
Pompei_VI.5_CE_739,18,1,19,1
Pompei_VI.5_CE_756,13,14,6,13
Pompei_VI.5_CE_760,19,2,6,13
Pompei_VI.5_CE_764,17,14,9,20
Pompei_VI.5_CE_78,6,8,6,13
Pompei_VI.5_CE_79,22,18,7,14
Pompei_VI.5_CE_790,3,6,22,22
Pompei_VI.5_CE_793,19,3,19,1
Pompei_VI.5_CE_794,19,3,19,1
Pompei_VI.5_CE_796,17,14,19,1
Pompei_VI.5_CE_797,11,12,19,1
Pompei_VI.5_CE_8,19,3,19,1
Pompei_VI.5_CE_819,12,15,23,23
Pompei_VI.5_CE_82,2,5,7,14
Pompei_VI.5_CE_850,25,21,6,13
Pompei_VI.5_CE_877,19,2,6,13
Pompei_VI.5_CE_88,2,5,7,14
Pompei_VI.5_CE_887,11,12,20,3
Pompei_VI.5_CE_901,2,5,7,14
Pompei_VI.5_CE_904,22,18,7,14
Pompei_VI.5_CE_911,19,3,19,1
Pompei_VI.5_CE_923,19,2,19,1
Pompei_VI.5_CE_924,19,3,19,1
Pompei_VI.5_CE_927.1,19,3,19,1
Pompei_VI.5_CE_928,19,2,19,1
Pompei_VI.5_CE_929,18,1,20,3
Pompei_VI.5_CE_930,3,6,22,22
Pompei_VI.5_CE_939,11,12,19,1
Pompei_VI.5_CE_943,4,7,6,13
Pompei_VI.5_CE_953,3,6,22,22
Pompei_VI.5_CE_96,18,1,19,1
Pompei_VI.5_CE_968,2,5,7,14
Pompei_VI.5_CE_99,7,10,6,13
Pompei_VI.5_Olla_4c,1,4,10,11
San_Silvestro_CC_1,2,5,4,16
San_Silvestro_CC_10,26,22,4,16
San_Silvestro_CC_11,20,17,1,18
San_Silvestro_CC_2,7,10,4,16
San_Silvestro_CC_3,26,22,4,16
San_Silvestro_CC_4,26,22,4,16
San_Silvestro_CC_5,26,22,4,16
San_Silvestro_CC_6,20,17,4,16
San_Silvestro_CC_7,17,14,1,18
San_Silvestro_CC_8,6,8,4,16
San_Silvestro_CC_9,17,14,4,16
San_Silvestro_CF_1-3,17,14,5,17
San_Silvestro_CF_10,5,8,5,17
San_Silvestro_CF_11,6,8,5,17
San_Silvestro_CF_12,6,8,5,17
San_Silvestro_CF_13,6,8,5,17
San_Silvestro_CF_14,6,8,5,17
San_Silvestro_CF_15,17,14,5,17
San_Silvestro_CF_16,17,14,5,17
San_Silvestro_CF_17,17,14,5,17
San_Silvestro_CF_18,6,8,5,17
San_Silvestro_CF_19,6,8,5,17
San_Silvestro_CF_20-21,17,14,5,17
San_Silvestro_CF_22,6,8,5,17
San_Silvestro_CF_23,17,14,5,17
San_Silvestro_CF_24,6,8,5,17
San_Silvestro_CF_4,5,8,5,17
San_Silvestro_CF_5,5,8,5,17
San_Silvestro_CF_6,5,8,5,17
San_Silvestro_CF_7,5,8,5,17
San_Silvestro_CF_8,5,8,5,17
San_Silvestro_CF_9,5,8,5,17
San_Silvestro_CG_1,6,8,17,7
"San_Silvestro_CG_2,3,4",6,8,17,7
San_Silvestro_CG_5,6,8,17,7
San_Silvestro_CG_6,2,5,17,7
San_Silvestro_CI_1-2,6,8,10,11
San_Silvestro_CI_3-4,6,8,10,11
San_Silvestro_CT_1,3,6,3,15
San_Silvestro_CT_10,21,18,3,15
San_Silvestro_CT_11,21,18,3,15
San_Silvestro_CT_12,22,18,3,15
San_Silvestro_CT_13,7,10,2,15
San_Silvestro_CT_14,7,10,2,15
San_Silvestro_CT_15,7,10,2,15
San_Silvestro_CT_16,7,10,2,15
San_Silvestro_CT_17,3,6,2,15
San_Silvestro_CT_18,3,6,2,15
San_Silvestro_CT_19,22,18,2,15
San_Silvestro_CT_2,7,10,3,15
San_Silvestro_CT_20,21,18,3,15
San_Silvestro_CT_21,21,18,3,15
San_Silvestro_CT_22,20,17,3,15
San_Silvestro_CT_23,20,17,2,15
San_Silvestro_CT_24,24,19,2,15
San_Silvestro_CT_25,14,13,3,7
San_Silvestro_CT_26,14,13,3,7
San_Silvestro_CT_27,24,19,2,15
San_Silvestro_CT_28,26,22,3,15
San_Silvestro_CT_29,7,10,2,15
San_Silvestro_CT_3,7,10,3,15
San_Silvestro_CT_30,7,10,2,15
San_Silvestro_CT_31,7,10,2,15
San_Silvestro_CT_32,7,10,2,15
San_Silvestro_CT_33,7,10,3,15
San_Silvestro_CT_34,7,10,2,15
San_Silvestro_CT_35,7,10,2,15
San_Silvestro_CT_36,7,10,3,15
San_Silvestro_CT_37,7,10,2,15
San_Silvestro_CT_38,7,10,3,15
San_Silvestro_CT_39,7,10,3,15
San_Silvestro_CT_4,3,6,3,15
San_Silvestro_CT_40,2,5,2,15
San_Silvestro_CT_41,6,8,3,15
San_Silvestro_CT_42,3,6,2,15
San_Silvestro_CT_43,25,21,3,15
San_Silvestro_CT_44,25,21,2,15
San_Silvestro_CT_45,26,22,3,15
San_Silvestro_CT_46,25,21,3,15
San_Silvestro_CT_47,17,14,3,15
San_Silvestro_CT_48,21,18,3,15
San_Silvestro_CT_49,21,18,3,15
San_Silvestro_CT_5,6,8,3,15
San_Silvestro_CT_50,20,17,3,15
San_Silvestro_CT_51,20,17,3,15
San_Silvestro_CT_52,20,17,2,15
San_Silvestro_CT_6,3,6,2,15
San_Silvestro_CT_7,2,5,2,15
San_Silvestro_CT_8,17,14,3,15
San_Silvestro_CT_9,2,5,2,15
San_Silvestro_GI_1,17,14,3,7
San_Silvestro_GI_2,17,14,8,19
San_Silvestro_GI_3,17,14,8,19
San_Silvestro_GI_4,17,14,8,19
San_Silvestro_GL_1,7,10,8,19
San_Silvestro_GL_10,7,10,8,19
San_Silvestro_GL_11,7,10,8,19
San_Silvestro_GL_12,7,10,8,19
San_Silvestro_GL_13,7,10,8,19
San_Silvestro_GL_14,7,10,8,19
San_Silvestro_GL_15,2,5,8,19
San_Silvestro_GL_16,2,5,8,19
San_Silvestro_GL_17,2,4,8,19
San_Silvestro_GL_18,1,4,8,19
San_Silvestro_GL_19,1,4,8,19
San_Silvestro_GL_2,7,10,8,19
San_Silvestro_GL_20,17,14,8,19
San_Silvestro_GL_21,17,14,8,19
San_Silvestro_GL_22,17,14,8,19
San_Silvestro_GL_23,24,19,8,19
San_Silvestro_GL_24,21,22,3,7
San_Silvestro_GL_25,22,18,8,19
San_Silvestro_GL_26,22,18,8,19
San_Silvestro_GL_27,21,18,8,19
San_Silvestro_GL_28,17,14,8,19
San_Silvestro_GL_29,13,14,8,19
San_Silvestro_GL_3,2,5,8,19
San_Silvestro_GL_30,17,14,8,19
San_Silvestro_GL_31,7,10,8,19
San_Silvestro_GL_32,7,10,8,19
San_Silvestro_GL_33,7,10,8,19
San_Silvestro_GL_34,7,10,8,19
San_Silvestro_GL_35,7,10,8,19
San_Silvestro_GL_36,2,5,8,19
San_Silvestro_GL_37,2,5,8,19
San_Silvestro_GL_38,2,5,8,19
San_Silvestro_GL_39,2,5,8,19
San_Silvestro_GL_4,7,10,8,19
San_Silvestro_GL_40,22,18,8,19
San_Silvestro_GL_41,22,18,8,19
San_Silvestro_GL_42,22,18,8,19
San_Silvestro_GL_43,22,18,8,19
San_Silvestro_GL_47,1,4,8,19
San_Silvestro_GL_5,2,5,8,19
San_Silvestro_GL_6,2,5,8,19
San_Silvestro_GL_7,1,4,8,19
San_Silvestro_GL_8,7,10,8,19
San_Silvestro_GL_9,7,10,8,19
San_Silvestro_PS_1,13,14,22,22
San_Silvestro_PS_10,17,14,22,22
San_Silvestro_PS_11,17,14,22,22
San_Silvestro_PS_12,17,14,22,22
San_Silvestro_PS_13,24,19,22,22
San_Silvestro_PS_14,13,14,22,22
San_Silvestro_PS_15,24,19,22,22
San_Silvestro_PS_16,24,19,22,22
San_Silvestro_PS_17,24,19,22,22
San_Silvestro_PS_18,24,19,22,22
San_Silvestro_PS_19,24,19,22,22
San_Silvestro_PS_2,13,14,22,22
San_Silvestro_PS_20,24,19,22,22
San_Silvestro_PS_21,24,19,22,22
San_Silvestro_PS_22,24,19,22,22
San_Silvestro_PS_23,24,19,22,22
San_Silvestro_PS_24,24,19,22,22
San_Silvestro_PS_25,24,19,22,22
San_Silvestro_PS_26,24,19,22,22
San_Silvestro_PS_27,24,19,22,22
San_Silvestro_PS_28,24,19,22,22
San_Silvestro_PS_29,24,19,22,22
San_Silvestro_PS_3,13,14,22,22
San_Silvestro_PS_30,24,19,22,22
San_Silvestro_PS_31,24,19,22,22
San_Silvestro_PS_4,24,19,22,22
San_Silvestro_PS_5,17,14,22,22
San_Silvestro_PS_6,24,19,22,22
San_Silvestro_PS_7,24,19,22,22
San_Silvestro_PS_8,13,14,22,22
San_Silvestro_PS_9,24,19,22,22
San_Silvestro_SI_1,11,14,23,23
San_Silvestro_SI_10,11,14,23,23
San_Silvestro_SI_11,11,14,23,23
San_Silvestro_SI_12,18,1,23,23
San_Silvestro_SI_13,17,14,23,23
San_Silvestro_SI_14,10,16,23,23
San_Silvestro_SI_15,24,19,23,23
San_Silvestro_SI_2,11,14,23,23
San_Silvestro_SI_21,8,9,23,23
San_Silvestro_SI_22,19,3,23,23
San_Silvestro_SI_23,8,9,23,23
San_Silvestro_SI_24,19,3,23,23
San_Silvestro_SI_27,24,19,23,23
San_Silvestro_SI_28,18,1,23,23
San_Silvestro_SI_29,19,3,23,23
San_Silvestro_SI_3,18,1,23,23
San_Silvestro_SI_32,24,19,23,23
San_Silvestro_SI_33,13,14,23,23
San_Silvestro_SI_35,10,16,23,23
San_Silvestro_SI_4,20,17,23,23
San_Silvestro_SI_5,12,15,23,23
San_Silvestro_SI_6,12,15,23,23
San_Silvestro_SI_7,12,14,23,23
San_Silvestro_SI_8,18,1,23,23
San_Silvestro_SI_9,18,1,23,23
San_Silvestro_VN_1,17,14,19,1
San_Silvestro_VN_10,17,14,20,3
San_Silvestro_VN_11,17,14,19,1
San_Silvestro_VN_12,17,14,19,1
San_Silvestro_VN_13,17,14,20,3
San_Silvestro_VN_14,17,14,20,3
San_Silvestro_VN_15,17,14,19,1
San_Silvestro_VN_16,17,14,19,1
San_Silvestro_VN_17,17,14,20,3
San_Silvestro_VN_18,17,14,20,3
San_Silvestro_VN_19,17,14,20,3
San_Silvestro_VN_2,17,14,19,1
San_Silvestro_VN_20,17,14,19,1
San_Silvestro_VN_21,17,14,20,3
San_Silvestro_VN_22,17,14,20,3
San_Silvestro_VN_23,17,14,20,3
San_Silvestro_VN_24,17,14,20,3
San_Silvestro_VN_25,17,14,20,3
San_Silvestro_VN_26,17,14,20,3
San_Silvestro_VN_27,17,14,20,3
San_Silvestro_VN_28,17,14,19,1
San_Silvestro_VN_29,17,14,20,3
San_Silvestro_VN_3,6,8,20,3
San_Silvestro_VN_30,17,14,20,3
San_Silvestro_VN_31,17,14,20,3
San_Silvestro_VN_32,17,14,20,3
San_Silvestro_VN_33,17,14,20,3
San_Silvestro_VN_34,17,14,20,3
San_Silvestro_VN_35,17,14,20,3
San_Silvestro_VN_36,17,14,20,3
San_Silvestro_VN_37,17,14,19,1
San_Silvestro_VN_38,15,14,20,3
San_Silvestro_VN_38A,17,14,19,1
San_Silvestro_VN_39,17,14,20,3
San_Silvestro_VN_4,17,14,20,3
San_Silvestro_VN_40,17,14,20,3
San_Silvestro_VN_5,17,14,20,3
San_Silvestro_VN_6,17,14,20,3
San_Silvestro_VN_7,17,14,20,3
San_Silvestro_VN_8,17,14,20,3
San_Silvestro_VN_9,17,14,20,3
Settefinestre_24.1,22,18,13,5
Settefinestre_24.10,25,21,13,5
Settefinestre_24.11,25,21,13,5
Settefinestre_24.12,25,21,13,5
Settefinestre_24.13,25,21,13,5
Settefinestre_24.14,25,21,13,5
Settefinestre_24.16,25,21,13,5
Settefinestre_24.2,22,18,13,5
Settefinestre_24.3,22,18,13,5
Settefinestre_24.4,21,18,13,5
Settefinestre_24.5,25,21,13,5
Settefinestre_24.6,25,21,13,5
Settefinestre_24.7,25,21,13,5
Settefinestre_24.8,25,21,13,5
Settefinestre_24.9,25,21,13,5
Settefinestre_25.3,25,21,13,5
Settefinestre_25.7,25,21,13,5
Settefinestre_25.9,25,21,13,5
Settefinestre_26.10,25,21,13,5
Settefinestre_26.11,25,21,13,5
Settefinestre_26.13,25,21,13,5
Settefinestre_26.5,25,21,13,5
Settefinestre_26.6,25,21,13,5
Settefinestre_26.7,25,21,13,5
Settefinestre_27.10,25,21,13,5
Settefinestre_27.11,25,21,13,5
Settefinestre_27.12,25,21,13,5
Settefinestre_27.14,25,21,13,5
Settefinestre_27.15,25,21,13,5
Settefinestre_27.16,25,21,13,5
Settefinestre_27.9,25,21,13,5
Settefinestre_28.1,1,4,13,5
Settefinestre_28.14,1,4,13,5
Settefinestre_28.15,1,4,13,5
Settefinestre_28.18,1,4,13,5
Settefinestre_28.2,1,4,13,5
Settefinestre_28.21,1,4,13,5
Settefinestre_28.4,1,4,13,5
Settefinestre_29.10,1,4,13,5
Settefinestre_29.12,1,4,13,5
Settefinestre_29.13,1,4,13,5
Settefinestre_29.17,1,4,13,5
Settefinestre_29.18,1,4,13,5
Settefinestre_29.2,1,4,13,5
Settefinestre_29.23,1,4,13,5
Settefinestre_29.4,1,4,13,5
Settefinestre_29.8,1,4,13,5
Settefinestre_30.1,1,4,13,5
Settefinestre_30.10,1,4,13,5
Settefinestre_30.11,1,4,13,5
Settefinestre_30.2,1,4,13,5
Settefinestre_30.3,1,4,13,5
Settefinestre_30.4,1,4,13,5
Settefinestre_30.5,1,4,13,5
Settefinestre_30.6,1,4,13,5
Settefinestre_30.7,1,4,13,5
Settefinestre_30.8,1,4,13,5
Settefinestre_30.9,1,4,13,5
Settefinestre_31.1,21,18,11,10
Settefinestre_31.2,22,18,11,10
Settefinestre_31.3,21,18,11,10
Settefinestre_31.4,21,22,11,10
Settefinestre_33.1,20,17,15,9
Settefinestre_33.17,4,8,15,9
Settefinestre_33.18,4,8,15,9
Settefinestre_33.19,4,8,15,9
Settefinestre_33.21,4,8,15,9
Settefinestre_33.22,6,8,15,9
Settefinestre_33.23,6,8,15,9
Settefinestre_33.3,20,17,15,9
Settefinestre_34.1,6,8,15,9
Settefinestre_34.13,6,8,15,9
Settefinestre_34.5,6,8,15,9
Settefinestre_34.8,6,8,15,9
Settefinestre_35.1,20,17,19,1
Settefinestre_35.10,19,3,19,1
Settefinestre_35.11,19,3,19,1
Settefinestre_35.2,20,17,19,1
Settefinestre_35.3,20,17,19,1
Settefinestre_35.4,20,17,19,1
Settefinestre_35.7,19,3,19,1
Settefinestre_35.8,19,3,19,1
Settefinestre_35.9,19,3,19,1
Settefinestre_36.1,19,3,19,1
Settefinestre_36.2,19,3,19,1
Settefinestre_36.3,19,3,19,1
Settefinestre_36.4,19,3,19,1
Settefinestre_36.6,6,8,19,1
Settefinestre_37.1,20,17,23,23
Settefinestre_37.2,17,14,23,23
Settefinestre_37.5,19,3,23,23
Settefinestre_37.7,18,1,23,23
Settefinestre_43.1,20,17,23,23
Settefinestre_45.1,19,3,22,22
Settefinestre_45.2,13,14,22,22
Settefinestre_45.5,13,14,22,22
Settefinestre_45.6,18,1,22,22
Sib_1970_p29_cat14,17,14,27,26
Sib_1970_p29_cat15,17,14,27,26
Sib_1970_p29_cat16,17,14,27,26
Sib_1970_p29_cat17,26,22,27,26
Sib_1970_p29_cat18,26,22,27,26
Sib_1970_p29_cat19,17,14,27,26
Sib_1970_p30_cat20,15,14,27,26
Sib_1970_p30_cat21,15,14,27,26
Sib_1970_p30_cat22,20,17,27,26
Sib_1970_p30_cat23,6,8,27,26
Sib_1970_p30_cat24,7,10,27,26
Sib_1970_p30_cat25,20,17,27,26
Sib_1970_p30_cat26,15,14,27,26
Sib_1970_p30_cat27,20,17,27,26
Sib_1970_p31_cat28,15,14,27,26
Sib_1970_p31_cat29,17,14,27,26
Sib_1970_p31_cat30,17,14,27,26
Sib_1970_p31_cat31,20,17,27,26
Sib_1970_p31_cat32,20,17,27,26
Sib_1970_p32_cat33,17,14,27,26
Sib_1970_p32_cat34,17,14,27,26
Sib_1970_p33_cat35,17,14,27,26
Sib_1970_p33_cat36,20,17,27,26
Sib_1970_p33_cat37,23,20,27,26
Sib_1970_p33_cat38,23,20,27,26
Sib_1970_p33_cat39,23,20,27,26
Sib_1970_p33_cat40,17,14,27,26
Sib_1970_p33_cat41,17,14,27,26
Sib_1970_p33_cat42,17,14,27,26
Sib_1970_p33_cat43,23,20,5,17
Sib_1970_p33_cat44,15,14,27,26
Sib_1970_p33_cat45,20,17,5,17
Sib_1970_p35_cat46,17,14,27,26
Sib_1970_p35_cat47,24,22,27,26
Sib_1970_p35_cat48,15,14,27,26
Sib_1970_p35_cat49,17,14,27,26
Sib_1970_p35_cat50,17,14,27,26
Sib_1970_p35_cat51,17,14,5,17
Sib_1970_p35_cat52,17,14,5,17
Sib_1970_p35_cat53,17,14,5,17
Sib_1970_p35_cat54,17,14,26,25
Sib_1970_p35_cat55,17,14,26,25
Sib_1970_p35_cat56,8,9,26,25
Sib_1970_p35_cat57,26,22,26,25
Sib_1970_p37_cat58,26,22,26,25
Sib_1970_p37_cat59,8,9,26,25
Sib_1970_p37_cat60,26,22,26,25
Sib_1970_p37_cat61,20,17,26,25
Sib_1970_p37_cat62,12,15,26,25
Sib_1970_p37_cat63,8,9,26,25
Sib_1970_p37_cat64,12,14,26,25
Sib_1970_p37_cat65,17,14,26,25
Sib_1970_p39_cat66,8,9,26,25
Sib_1970_p39_cat67,8,9,26,25
Sib_1970_p39_cat69,8,9,26,25
Sib_1970_p39_cat70,8,9,26,25
Sib_1970_p39_cat71,23,20,26,25
Sib_1970_p39_cat72,8,9,26,25
Sib_1970_p39_cat73,18,1,26,25
Sib_1970_p39_cat74,26,22,26,25
Sib_1970_p40_cat75,8,9,26,25
Sib_1970_p40_cat76,12,15,26,25
Sib_1970_p40_cat77,17,14,26,25
Sib_1970_p40_cat78,8,9,26,25
Sib_1970_p40_cat79,10,16,26,25
Sib_1970_p40_cat80,10,16,26,25
Sib_1970_p40_cat81,17,14,26,25
Sib_1970_p40_cat82,8,9,26,25
Sib_1970_p40_cat83,8,9,26,25
Sib_1970_p40_cat84,8,9,26,25
Sib_1970_p41_cat85,8,9,26,25
Sib_1970_p41_cat86,8,9,26,25
Sib_1970_p41_cat87,8,9,26,25
Sib_1970_p41_cat88,8,9,26,25
Sib_1970_p41_cat89,8,9,26,25
Sib_1970_p41_cat90,8,9,26,25
Sib_1970_p41_cat91,8,9,26,25
Sib_1970_p41_cat92,8,9,26,25
Sib_1970_p41_cat93,8,9,26,25
Sib_1970_p41_cat94,8,9,26,25
Sib_1970_p41_cat95,8,9,26,25
Sib_1970_p42_cat96,8,9,26,25
Sib_1970_p42_cat97,8,9,26,25
Sib_1970_p42_cat98,8,9,26,25
Sib_1970_p43_cat100,8,9,26,25
Sib_1970_p43_cat99,8,9,26,25
Sib_1970_p44_cat101,8,9,26,25
Sib_1970_p44_cat102,8,9,26,25
Sib_1970_p44_cat103,17,14,26,25
Sib_1970_p44_cat104,17,14,26,25
Sib_1970_p44_cat106,17,14,26,25
Sib_1970_p44_cat107,18,1,26,25
Sib_1970_p44_cat109,17,14,26,25
Sib_1970_p44_cat110,18,1,26,25
Sib_1970_p44_cat111,17,14,26,25
Sib_1970_p45_cat112,20,17,26,25
Sib_1970_p45_cat113,17,14,26,25
Sib_1970_p45_cat114,23,20,26,25
Sib_1970_p45_cat115,19,3,26,25
Sib_1970_p45_cat116,20,17,26,25
Sib_1970_p45_cat117,20,17,26,25
Sib_1970_p46_cat118,20,17,26,25
Sib_1970_p46_cat119,19,2,26,25
Sib_1970_p46_cat120,24,22,26,25
Sib_1970_p46_cat121,23,20,26,25
Sib_1970_p46_cat122,23,20,26,25
Sib_1970_p47_cat123,24,22,26,25
Sib_1970_p47_cat124,3,6,26,25
Vegas_1973_Type_1.1,2,5,12,4
Vegas_1973_Type_1.15,2,5,12,4
Vegas_1973_Type_1.4,2,5,12,4
Vegas_1973_Type_13.2,20,17,12,4
Vegas_1973_Type_14,17,14,12,4
Vegas_1973_Type_15.1,20,17,11,10
Vegas_1973_Type_15.2,20,17,11,10
Vegas_1973_Type_15.3,20,17,11,10
Vegas_1973_Type_15.7,20,17,11,10
Vegas_1973_Type_16.3,20,17,12,4
Vegas_1973_Type_2.2,2,5,12,4
Vegas_1973_Type_23,13,14,14,8
Vegas_1973_Type_24,13,14,14,8
Vegas_1973_Type_29,13,14,24,12
Vegas_1973_Type_38.11,17,14,14,8
Vegas_1973_Type_39.4,17,14,14,8
Vegas_1973_Type_4.3,18,1,12,4
Vegas_1973_Type_4.5,18,1,12,4
Vegas_1973_Type_46,6,8,14,8
Vegas_1973_Type_46.2,17,14,14,8
Vegas_1973_Type_48.8,2,5,14,8
Vegas_1973_Type_58,6,8,17,7
Vegas_1973_Type_63.3,17,14,17,7
Vegas_1974_Type_43.1,6,8,14,8
